{"cameraMode":{"drawMode":0,"name":"Shaded","section":"Shading Mode"},"sceneLighting":false,"audioPlay":false,"sceneViewState":{"showFog":true,"showMaterialUpdate":false,"showSkybox":true,"showFlares":true,"showImageEffects":true,"showParticleSystems":true},"in2DMode":false,"pivot":{"x":-0.545177698135376,"y":-0.25117790699005129,"z":0.3584258556365967},"rotation":{"x":0.14931410551071168,"y":-0.4616833031177521,"z":0.07916462421417237,"w":0.8707966804504395},"size":1.268106460571289,"orthographic":false}