{"cameraMode":{"drawMode":0,"name":"Shaded","section":"Shading Mode"},"sceneLighting":false,"audioPlay":false,"sceneViewState":{"showFog":true,"showMaterialUpdate":false,"showSkybox":true,"showFlares":true,"showImageEffects":true,"showParticleSystems":true},"in2DMode":false,"pivot":{"x":-0.9253214597702026,"y":3.016275405883789,"z":7.582007884979248},"rotation":{"x":0.01461990550160408,"y":0.08896362781524658,"z":0.0013050094712525607,"w":-0.9959267377853394},"size":9.961000442504883,"orthographic":false}