{"cameraMode":{"drawMode":0,"name":"Shaded","section":"Shading Mode"},"sceneLighting":false,"audioPlay":false,"sceneViewState":{"showFog":true,"showMaterialUpdate":false,"showSkybox":true,"showFlares":true,"showImageEffects":true,"showParticleSystems":true},"in2DMode":false,"pivot":{"x":0.42468392848968508,"y":1.1651651859283448,"z":-6.792042255401611},"rotation":{"x":-0.00008749377593630925,"y":-0.9988605380058289,"z":0.00181617122143507,"w":-0.0476909801363945},"size":7.899614334106445,"orthographic":false}